{
  "project_info": {
    "project_number": "118443118588",
    "firebase_url": "https://my-firstlib.firebaseio.com",
    "project_id": "my-firstlib",
    "storage_bucket": "my-firstlib.appspot.com"
  },
  "client": [
    {
      "client_info": {
        "mobilesdk_app_id": "1:118443118588:android:ee089b73f4ed75b3",
        "android_client_info": {
          "package_name": "com.github.jeerasakthan.FirstLib"
        }
      },
      "oauth_client": [
        {
          "client_id": "118443118588-lujb712k384trdjk7tgqgsujbbcr0ukf.apps.googleusercontent.com",
          "client_type": 1,
          "android_info": {
            "package_name": "com.github.jeerasakthan.FirstLib",
            "certificate_hash": "703ed15a9c0ac74662db3d372d250b043ee45616"
          }
        },
        {
          "client_id": "118443118588-gi179t74g1t0i3d4nl1568tfjpksp4km.apps.googleusercontent.com",
          "client_type": 3
        }
      ],
      "api_key": [
        {
          "current_key": "AIzaSyBkk7OuAlOkaPYvd2IWutnB0jOszzOw3IA"
        }
      ],
      "services": {
        "analytics_service": {
          "status": 1
        },
        "appinvite_service": {
          "status": 2,
          "other_platform_oauth_client": [
            {
              "client_id": "118443118588-gi179t74g1t0i3d4nl1568tfjpksp4km.apps.googleusercontent.com",
              "client_type": 3
            }
          ]
        },
        "ads_service": {
          "status": 2
        }
      }
    }
  ],
  "configuration_version": "1"
}